unique_Id,Project_Title
36,Project_8328
91,Project_7258
39,Project_3556
85,Project_1709
10,Project_2148
61,Project_3639
84,Project_3431
93,Project_2398
21,Project_3931
17,Project_9468
13,Project_9468
77,Project_1171
32,Project_9579
94,Project_0062
100,Project_0989
24,Project_0192
54,Project_5077
54,Project_0255
44,Project_1328
87,Project_2398
84,Project_6865
26,Project_5906
17,Project_0255
80,Project_2398
34,Project_2398
30,Project_6796
19,Project_9597
41,Project_6660
37,Project_7274
15,Project_4452
58,Project_6865
46,Project_2157
72,Project_2148
40,Project_1328
27,Project_2002
76,Project_0192
94,Project_5518
11,Project_7394
72,Project_7274
83,Project_1709
10,Project_5518
28,Project_1709
76,Project_6463
35,Project_4452
76,Project_9890
54,Project_5919
62,Project_9394
15,Project_5957
95,Project_1278
12,Project_3934
32,Project_6463
52,Project_9597
61,Project_1014
45,Project_6677
51,Project_4834
90,Project_5930
41,Project_3890
56,Project_9092
65,Project_9579
46,Project_2269
90,Project_2148
43,Project_8657
69,Project_7394
32,Project_2530
45,Project_5518
75,Project_2350
54,Project_4468
29,Project_5518
69,Project_5919
1,Project_3890
4,Project_2002
37,Project_3556
10,Project_2269
2,Project_0255
92,Project_7432
24,Project_4834
38,Project_4468
6,Project_7180
12,Project_0192
67,Project_4302
80,Project_9605
89,Project_6865
5,Project_3938
59,Project_6762
78,Project_6607
74,Project_4452
53,Project_2443
12,Project_6607
4,Project_7945
26,Project_6607
18,Project_8484
28,Project_6084
84,Project_6463
13,Project_2148
98,Project_3874
21,Project_7310
85,Project_1964
33,Project_3938
34,Project_3431
33,Project_9605
